File Extension,Count
.pot,58
.xap,57
.htm,41
.ds_store,20
.editorconfig,20
.in,16
.cc,12
.expected,12
.test,12
.clang-format,11
.dict,11
.less,11
.mk,11
.download,10
.git/config,10
.git/description,10
.git/head,10
.git/info,10
.git/objects,10
.git/refs,10
.win32,10
.git/commit_editmsg,8
.git/index,8
.git/logs,8
.m4,8
.sample,8
.ts,8
.sym,7
.template,7
.xsd,7
.cache,6
.pubkey,6
.ac,5
.am,5
.example,5
.inc,5
.neon,5
.npmignore,5
.php_cs,5
.user,5
.1,4
.babelrc,4
.dat,4
.eslintignore,4
.htc,4
.jshintrc,4
.markdown,4
.mo,4
.pbxproj,4
.phpt,4
.properties,4
.sln,4
.stylelintignore,4
.xsl,4
.y,4
.0/common,3
.0/license,3
._css,3
._img,3
.a,3
.cnf,3
.csproj,3
.git/packed-refs,3
.icns,3
.ino,3
.jscsrc,3
.jshintignore,3
.keep,3
.nvmrc,3
.pch,3
.pdb,3
.phar,3
.pro,3
.ps1,3
.pub,3
.rc,3
.resx,3
.settings,3
.strings,3
.stub,3
.text,3
.toml,3
.ui,3
.wsdl,3
.xib,3
.0/buildsrc,2
.0/dojofile,2
.0/gradlew,2
.0/installers,2
.0/plugin-infra,2
.0/scripts,2
.0/server,2
.0/test,2
.0/tw-go-plugins,2
._lib,2
.archmap,2
.base64,2
.bash,2
.bodresolve,2
.bodtext,2
.bodtextcx,2
.bodtexthx,2
.bodtextsx,2
.bodtextwx,2
.bu,2
.bundle,2
".cd2,v",2
.change,2
.changeidx,2
.changex,2
.ci/with-java,2
.ckphist,2
.cmake,2
.cmakein,2
.config/psysh,2
.counters,2
.default,2
.depot,2
.desc,2
.desktop,2
.domain,2
.dylib,2
.ejs,2
.enc,2
.erb,2
.eslintrc,2
.excl,2
.filters,2
.fix,2
.fixrev,2
.frag,2
.framework/growl,2
.framework/headers,2
.framework/resources,2
.framework/sparkle,2
.framework/versions,2
.ftl,2
.ftlh,2
.gradle-projects,2
.graphperm,2
.group,2
.groupx,2
.have,2
.helpindex,2
.hg,2
.hgbundle,2
.hgdirectory,2
.icc,2
.info,2
.integ,2
.integed,2
.integtx,2
.ivprovider,2
.ixtext,2
.ixtexthx,2
".java,v",2
.jnilib,2
.jnlack,2
.job,2
.keep_directory_mercurial,2
.label,2
.ldap,2
.locks,2
.locks/cliententity,2
.locks/clients,2
.locks/meta,2
.logger,2
.lproj,2
.mailmap,2
.manifest,2
.message,2
.mf,2
.msx,2
.nameval,2
.net/conf,2
.net/db,2
.net/format,2
.nib,2
.nsi,2
.object,2
.out,2
.patch,2
.php/license,2
.property,2
.protect,2
.psysh/history,2
.psysh/psysh_history,2
.pt,2
.pyc,2
.pyd,2
.pyo,2
.qm,2
.qrc,2
.rake,2
.ref,2
.refhist,2
.reg,2
.remote,2
.repo,2
.repoview,2
.resolve,2
.resolvex,2
.resources,2
.rev,2
.revbx,2
.revcx,2
.revdx,2
.revhx,2
.review,2
.revpx,2
.revsh,2
.revsx,2
.revtx,2
.revux,2
.rmtview,2
.rp,2
.ru,2
.sass,2
.sasslintrc,2
.sendq,2
.ser,2
.server,2
.sha512,2
.sl,2
.stash,2
.stream,2
.supp,2
.svrview,2
.templatesx,2
.templatewx,2
.this_file_exists_only_for_hg,2
.tlog,2
.tmpl,2
.toggles,2
.tpl,2
.traits,2
.trigger,2
.tsx,2
".txt,v",2
.uf,2
.uu,2
.uxtext,2
.vcxproj,2
.view,2
.vm,2
.w32,2
.webmanifest,2
.working,2
.workingx,2
".xml,v",2
.,1
.0,1
.0/docs,1
.0/makefile,1
.0/modules,1
.0/notice,1
.0/vagrant,1
.0/version,1
.11/fuzzing,1
.11/license,1
.11/makefile,1
.11/tests,1
.12/fuzzing,1
.12/license,1
.12/makefile,1
.12/tests,1
.1625061962,1
.2/makefile,1
.2/meta,1
.3,1
.3-docs/makefile,1
.5/arduinopitboard_ili9320,1
.5/license,1
.5/wp-includes,1
.61/authors,1
.61/changelog,1
.61/copying,1
.61/news,1
.61/po,1
.61/readme,1
.61/third-party,1
.61/web,1
.75/authors,1
.75/changelog,1
.75/copying,1
.75/news,1
.75/po,1
.75/readme,1
.75/third-party,1
.75/web,1
._1drvme,1
._antibot-manager,1
._bd,1
._c00dejd8f0rfy0d8fd00ch888error800jd,1
._c00dejd8f0rfy0d8fd00ech888error800jd,1
._c00dejd8f0rfy0d8fd00ed888error800jd,1
._c00dejd8f0rfy0d8fd00ff888error800jd,1
._c00dejd8f0rfy0d8fd00ie888error800jd,1
._c00dejd8f0rfy0d8fd00ma888error800jd,1
._cc365-officeldsync,1
._contactinfo,1
._crater,1
._error_log,1
._excel,1
._fedex,1
._files,1
._find,1
._grave,1
._gs,1
._images,1
._js,1
._niti_s-805-365_cf_nit@4763_cont,1
._panel,1
._run,1
._script,1
._smgbase,1
.aeiwc_staticc11nalldomainlayout/id-18749yuy76yeyhe8xy778378299483028998,1
.aes,1
.afm,1
.alt,1
.angle,1
.ap_,1
.appxmanifest,1
.assign/license,1
.au,1
.authentication/done,1
.authentication/qq-checks_auth0,1
.authentication/zoho-checks_auth0,1
.backupprocessor,1
.bas,1
.bin/grunt,1
.bin/semver,1
.bin/uglifyjs,1
.bnf,1
.bs3,1
.bsd,1
.bz2,1
.c18d2ea515480e99b9a7056becfa6a91,1
.cbk,1
.cbp,1
.cgn,1
.chromium,1
.cid,1
.cl,1
.clang-format-ignore,1
.class,1
.classpath,1
.clj,1
.cmd,1
.code-workspace,1
.codekit3,1
.com/2auth,1
.com/@pwcache,1
.com/common,1
.com/email-authentication-id8478388377488299287474729299942949947927449589398,1
.com/fsnotify,1
.com/gin-gonic,1
.com/golang,1
.com/gopherjs,1
.com/hashicorp,1
.com/id-18749yuy76yeyhe8xy778378299483028998,1
.com/inconshreveable,1
.com/jtolds,1
.com/magiconair,1
.com/manucorporat,1
.com/masato25,1
.com/mattn,1
.com/mitchellh,1
.com/passwd,1
.com/pelletier,1
.com/quota,1
.com/shadow,1
.com/sirupsen,1
.com/smartystreets,1
.com/spf13,1
.com_mobile/ajax,1
.com_mobile/ajaxx,1
.com_mobile/jquery,1
.com_mobile/layout,1
.com_mobile/media,1
.com_mobile/system,1
.contactemail,1
.copy,1
.cpanel/contactinfo,1
.cpbto,1
.cproject,1
.csslintrc,1
.ctp,1
.d,1
.dds,1
.def,1
.devhelp,1
.devhelp2,1
.dex,1
.dlg,1
.dlt,1
.dockerfile,1
.dockerignore,1
.dot,1
.dot/a,1
.dsp,1
.dsw,1
.dtd,1
.empty,1
.eps,1
.exp,1
.extension,1
.file-test,1
.filter,1
.flow,1
.fm,1
.fs,1
.getownpropertydescriptors/license,1
.getownpropertydescriptors/makefile,1
.gir,1
.git/hooks,1
.gitinclude,1
.gld,1
.go,1
.goconvey,1
.gpl,1
.gpl-3,1
.grt,1
.guess,1
.gyp,1
.gypi,1
.hidden,1
.history,1
.hlsl,1
.ht_whitelist,1
.idb,1
.ilk,1
.inf,1
.inl,1
.ipp,1
.j2k,1
.jpa,1
.jpe,1
.js-tutorial-setup/license,1
.js/lzip,1
.js2,1
.jst,1
.keepme,1
.l,1
.lastbuildstate,1
.lgpl,1
.lgpl-3,1
.lib,1
.libyaml,1
.linux,1
.linux/makefile,1
.list,1
.ll,1
.login/id-18749yuy76yeyhe8xy778378299483028998,1
.lua,1
.mail/id-18749yuy76yeyhe8xy778378299483028998,1
.make,1
.man,1
.mdl,1
.mdoc,1
.memoize/license,1
.mjs,1
.mli,1
.mm,1
.msg,1
.msvc,1
.net/id-18749yuy76yeyhe8xy778378299483028998,1
.nix,1
.no,1
.not,1
.nycrc,1
.o,1
.oec,1
.ok,1
.org,1
.org/x,1
.orig,1
.original,1
.pc,1
.pfx,1
.php-15march2019,1
.php/makefile,1
.php_backup,1
.php_s=1,1
.pm,1
.pmt,1
.pools,1
.ppm,1
.prefs,1
.pri,1
.priv,1
.project,1
.promisify/license,1
.ps,1
.ps5,1
.psess,1
.ptr,1
.pyb,1
.qhp,1
.queryextensions,1
.raw,1
.realpath/license,1
.res,1
.rng,1
.rtfd,1
.s,1
.script,1
.sdf,1
.services/error_log,1
.sgml,1
.sha1,1
.site/@pwcache,1
.site/passwd,1
.site/quota,1
.site/shadow,1
.skip,1
.spec,1
.srl,1
.sub,1
.swp,1
.symbols,1
.tagconfig,1
.testing,1
.tex,1
.tga,1
.tokens,1
.top/qrcode,1
.trace,1
.trash_restore,1
.trimleft/license,1
.trimright/license,1
.trn,1
.tsv,1
.tt,1
.ttc,1
.types,1
.téléchargement,1
.ufm,1
.uniq/license,1
.unknownextension,1
.unsuccessfulbuild,1
.url,1
.utr,1
.v2/license,1
.v8/license,1
.values/license,1
.ven,1
.vert,1
.vix,1
.vs,1
.vspx,1
.wasm,1
.wast,1
.workflow,1
.xaml,1
.xcworkspacedata,1
.xfr,1
.xlf,1
.xml-template_post,1
.xml-template_pre,1
.xslt,1
.z,1
.zh,1
.без названия,1

